[{"model": "main.movie", "pk": 3, "fields": {"movie_title": "С Земли во Вселенную", "movie_image": "movieImgs/1496303521_0sz1ZtK.jpg", "movie_country": "Германия", "movie_year": "2015", "movie_duration": 45, "movie_description": "Желание решить загадки ночного неба пожалуй самая древняя амбиция человечества. Но только сейчас, благодаря новейшим обсерваториям, мы начинаем осознавать все величие космоса. Фильм \"От Земли к Вселенной\" унесет вас в увлекательное путешествие представлений людей о Вселенной от теорий и мифов древних греков до современных миссий в дальний космос. Вы побываете на планетах Солнечной системы, местах зарождения звезд и заглянете за пределы Млечного пути.", "movie_genres": [21]}}, {"model": "main.movie", "pk": 4, "fields": {"movie_title": "Полярис. Космическая субмарина. Загадка полярной ночи", "movie_image": "movieImgs/1487324129.jpg", "movie_country": "Франция", "movie_year": "2015", "movie_duration": 60, "movie_description": "\"Полярис\" повествует об увлекательных приключениях пингвина-путешественника с южного полюса Джеймса и обаятельного медведя Потапа с северного полюса, которые встречаются во льдах Арктики. Они становятся друзьями и рассказывают о своих родных краях, вместе наблюдают за звездами, удивляясь, почему ночь на полюсах Земли такая длинная.\r\nБлагодаря эрудиции Джеймса и изобретательности Потапа они строят обсерваторию, а затем и настоящий космический корабль. Друзья отправляются на орбиту Земли, посещают окрестности Марса и кольца Сатурна. Они получают ответы на свои вопросы и замечают, что планеты имеют не только сходства, но и отличия.", "movie_genres": [20]}}, {"model": "main.movie", "pk": 5, "fields": {"movie_title": "Uncharted: Неизведанное", "movie_image": "movieImgs/Uncharted_poster.webp", "movie_country": "США", "movie_year": "2022", "movie_duration": 115, "movie_description": "Одна из самых известных компьютерных игр перевоплощается в остросюжетный фильм. Неизведанный артефакт попадает в руки безустанного Натана Дрейка. Данный артефакт способен привести юного авантюриста к острову, где спрятаны желанные сокровища.\r\n\r\nИнтересные факты о фильме \"Uncharted: Неизведанное\":\r\n- Фильм послужит приквелом к играм.\r\n\r\n- Дэн Трахтенберг был нанят для режиссуры фильма, но ушел из-за творческих разногласий.\r\n\r\n- Поклонники начали кампанию, чтобы актер Бретт Далтон стал Дрейком с хэштегом #BrettforNate.\r\n\r\n- Основанный на одноименной видеоигре 2007 года.\r\n\r\n- Фильм станет первым художественным произведением Sony PlayStation Productions.\r\n\r\n- Крису Пратту предложили роль Натана Дрейка, но он отказался от роли. Тем не менее, Том Холланд хотел, чтобы Пратт сыграл Салли.", "movie_genres": [1, 12]}}, {"model": "main.movie", "pk": 6, "fields": {"movie_title": "Дом Гуччи", "movie_image": "movieImgs/600x900.webp", "movie_country": "США", "movie_year": "2021", "movie_duration": 90, "movie_description": "Легендарная экранизация по мотивам реальный событий, произошедших в модном доме \"Gucci\". История убийства внука основателя \"Gucci\" Маурицио Гуччи. Это событие всколыхнуло весь мир! Интриги, зависть, вражда и жажда мести раскроют иную сторону ослепительного богатства и гламура.\r\n\r\nИнтересные факты о фильме \"Дом Гуччи\":\r\n- Анджелина Джоли, Энн Хэтэуэй, Марион Котийяр, Пенелопа Крус и Натали Портман рассматривались на роль Патриции Реджани.\r\n\r\n- Режиссером этого фильма мог стать Мартин Скорсезе, но вместо него был нанят Ридли Скотт.\r\n\r\n- Первая роль Леди Гаги в кино после выхода фильма \"Рождение звезды\" (2018).\r\n\r\n- Кристиан Бэйл рассматривался на роль Маурицио Гуччи.\r\n\r\n- Первый совместный фильм Ридли Скотта с Леди Гагой, Аль Пачино и Джаредом Лето.", "movie_genres": [22, 16]}}, {"model": "main.movie", "pk": 7, "fields": {"movie_title": "Семейка Аддамс 2", "movie_image": "movieImgs/231ey2ugsemeika-addams-2.jpg", "movie_country": "США, Великобритания, Канада", "movie_year": "2021", "movie_duration": 93, "movie_description": "Неординарная семейка Аддамс беззаботно живет в своем уединенном поместье на холме, пока жители городка неподалеку не разведывают о жутком соседстве. Теперь Гомес и Мартиша вынуждены защищаться от назойливой телеведущей, которая мечтает превратить их мрачный дом на все похожие дома в районе, а Уэнсдей дружит с необычной подругой.", "movie_genres": [23, 7]}}, {"model": "main.movie", "pk": 8, "fields": {"movie_title": "Захар Беркут", "movie_image": "movieImgs/w182_2037x1odzahar-berkut.webp", "movie_country": "Украина", "movie_year": "2019", "movie_duration": 110, "movie_description": "1241 год. Набеги Монгольской орды на славянские земли не прекращаются. Разрушая все на своем пути, войска хана Бурунды останавливаются у Карпат. В один из дней охотники братья Беркуты проникают во вражеский монгольский лагерь и освобождают пленных. В ответ разъяренный хан решает отомстить и собирается идти через горы, уничтожая карпатские селения.\r\n\r\nИнтересные факты о фильме \"Захар Беркут\":\r\n- Киноработа \"Захар Беркут\" снята по мотивам повести Ивана Франко.\r\n\r\n- Над фильмом работала интернациональная команда из Украины, США, Великобритании, Монголии, Казахстана.\r\n\r\n- Съемки киноленты \"Захар Беркут\" проходили летом 2018 года рядом с Синевирской Поляной в Карпатах и под Киевом, где была создана масштабная декорация горного ущелья.", "movie_genres": [1, 6]}}, {"model": "main.movie", "pk": 9, "fields": {"movie_title": "Украденная принцесса: Руслан и Людмила", "movie_image": "movieImgs/w182_1512053452pohisxennaya-princessa.jpg", "movie_country": "Украина", "movie_year": "2017", "movie_duration": 85, "movie_description": "Лента рассказывает о любви бродячего рыцаря Руслана и княжеской дочери Людмилы. Преградой их счастью становится колдун, который хочет принести Людмилу в жертву черным силам, чтобы получить бессмертие. \r\n\r\nИнтересные факты о фильме \"Украденная принцесса: Руслан и Людмила\":\r\n- Проект киноленты стал одним из победителей девятого конкурсного отбора Госкино, которое оказало ему финансовую поддержку в размере 19,4 млн. грн., что составляет почти 20% от общей стоимости производства фильма.\r\n\r\n- Изначально лента была заявлена в 2D-анимации, но впоследствии концепция изменилась и создатели начали работать над 3D-анимацией.\r\n\r\n- Работа над анимационным фильмом \"Украденная принцесса: Руслан и Людмила\" началась в 2013 году.\r\n\r\n- \"Украденная принцесса: Руслан и Людмила\" стал первым проектом линейки кинотеатральных анимационных премьер компании Animagrad, среди которых также \"Мавка. Лесная песня\" (2018), \"Снежная республика\" (2019) и \"Роксолана\" (2021).\r\n\r\n- Голливудские консультанты помогали в создании характеров персонажей. \r\n\r\n- Главный саундтрек мультфильма под названием \"К звездам\" исполнила группа Время и Стекло.", "movie_genres": [7, 20, 12]}}, {"model": "main.movie", "pk": 10, "fields": {"movie_title": "Большая красная собака Клиффорд", "movie_image": "movieImgs/w182_237ot2ajklifford-bolshaya-krasnaya-sobaka.webp", "movie_country": "США, Канада", "movie_year": "2021", "movie_duration": 97, "movie_description": "Новое незабываемое приключение по мотивам мирового бестселлера! Фантастический пес Клиффорд живет в обычной семье. Он окружен безграничной заботой и любовью, что позволило ему вымахать до гигантских размеров. Особенный пес моментально привлекает внимание одной корпорации с очень плохими намерениями. Вместе со своими двуногими друзьями Клиффорд намерен сорвать их коварные планы.\r\n\r\nИнтересные факты о фильме \"Большая красная собака Клиффорд\":\r\n- Первый анимационный фильм с участием Кенана Томпсона и Дэвида Алана Грира с момента выхода фильма \"Приключения Рокки и Буллвинкля\" (2000), выпущенного 20 лет назад.\r\n\r\n- Второй фильм, основанный на серии книг Клиффорда \"Большая красная собака\".", "movie_genres": [12, 24]}}, {"model": "main.movie", "pk": 11, "fields": {"movie_title": "Выйду за тебя", "movie_image": "movieImgs/w182_23htj48qmarry-me.webp", "movie_country": "США", "movie_year": "2021", "movie_duration": 112, "movie_description": "Латиноамериканская поп-звезда Каталина Вальдес, уличив своего жениха и партнера по сцене Бастиана в измене, разочаровалась в любви и долгосрочных отношениях. Она решается на безмуный поступок - выйти замуж за первого незнакомца на ее концерте. Случайно им оказывается забавный учитель математики по имени Чарли Гилберт.\r\n\r\nИнтересные факты о фильме \"Выйду за тебя\":\r\n- Дженнифер Лопес и Оуэн Уилсон также вместе снялись в фильме \"Анаконда\" (1997).\r\n\r\n- Первая роль Оуэна Уилсона после фильма \"Кто наш папа, чувак?\" (2017).", "movie_genres": [7]}}, {"model": "main.movie", "pk": 12, "fields": {"movie_title": "Золото", "movie_image": "movieImgs/w182_23gewol0zoloto2022.webp", "movie_country": "Австралия", "movie_year": "2022", "movie_duration": 97, "movie_description": "Два товарища находят огромные залежи золота на заброшенных рудниках в опасной пустыне. Один из них, более опытный искатель золота, отправляется за техникой, а молодой остается охранять клад. Грядет песчаная буря, вокруг снуют хищные животные и опасные путешественники, а с напарником теряется связь.", "movie_genres": [16]}}, {"model": "main.movie", "pk": 13, "fields": {"movie_title": "Носорог", "movie_image": "movieImgs/w182_23dj29lrnosorog.webp", "movie_country": "Украина, Польша, Германия", "movie_year": "2022", "movie_duration": 101, "movie_description": "Это реальная история, основанная на событиях 90-х годов в Украине. Главный герой по кличке Носорог оказывается в криминальном мире, где начинает свой кровавый путь, который приводит его к совершенно противоположному направлению жизни.\r\n\r\nИнтересные факты о фильме \"Носорог\":\r\n- \"Носорог\" является второй полнометражной работой украинского режиссера Олега Сенцова. В 2012 году фильм уже был представлен в рамках индустриальной платформы Международного кинофестиваля в Софии, где получил награду за лучший проект и питчинг. Однако работа над картиной была приостановлена из-за незаконного ареста Сенцова российскими спецслужбами в 2014 году и дальнейшего его заключения. После освобождения режиссера в 2019 году, работа над проектом была восстановлена.\r\n\r\n- История фильма основана на реальных событиях 90-х в Украине. Главный герой по прозвищу Носорог попадает в криминальный мир и начинает свой кровавый путь, который приведет его совсем не туда, куда он ожидал.", "movie_genres": [5, 22]}}, {"model": "main.movie", "pk": 14, "fields": {"movie_title": "Падение Луны", "movie_image": "movieImgs/w182_23h9uhs1padenie-lun.webp", "movie_country": "США, Канада, Китай", "movie_year": "2022", "movie_duration": 120, "movie_description": "Неведомые силы смещают Луну с орбиты, направляя на столкновение с Землей. За несколько недель до столкновения один из руководителей NASA находит решение по спасению планеты Земля. И только два единомышленника верят в его идею: астронавт в отставке и сторонник теории заговора. И именно им предстоит отправиться в безумное космическое путешествие и разгадать загадки темной стороны Луны.", "movie_genres": [1, 12, 17]}}, {"model": "main.movie", "pk": 15, "fields": {"movie_title": "Высокая мода", "movie_image": "movieImgs/w182_23k9mxofvsokaya-moda.webp", "movie_country": "Франция", "movie_year": "2021", "movie_duration": 95, "movie_description": "Своровав сумку в парижском метро 20-летняя швея Джейд понимает, что ограбила такую же простую швею, как и она сама. С угрызением совести она решает вернуть сумку и оказывается в доме, где знакомится с 60-летней работнице модного дома Dior. Это случайное знакомство дает Джейд возможность узнать о мире высокой моды.", "movie_genres": [7, 8]}}, {"model": "main.movie", "pk": 16, "fields": {"movie_title": "Морбиус", "movie_image": "movieImgs/w182_23jkc7rvmorbius.webp", "movie_country": "США", "movie_year": "2022", "movie_duration": 120, "movie_description": "Один из самых парадоксальных персонажей вселенной Marvel создает собственную историю! Обладатель премии \"Оскар\" Джаред Лето превращается в таинственного вампира Морбиуса. Узнав о смертельном диагнозе, известный ученый-биохимик решается на опасный эксперимент. То, что первоначально кажется результативным лекарством, превращается в ужасную неконтролируемую силу.\r\n\r\nИнтересные факты о фильме \"Морбиус\":\r\n- Мэтт Смит - третий актер, сыгравший Доктора Кто (Смит был Одиннадцатым Доктором), который появится в фильме Marvel Comics после Кристофера Экклстона (Девятый Доктор, Малекит в Тор 2: Царство тьмы (2013)) и Дэвида Теннанта (Десятый Доктор, Фиолетовый Человек в Джессика Джонс (2015)). Все трое взяли на себя злодейские роли в комиксах.\r\n\r\n- Режиссер фильма Даниэль Эспиноса снял научно-фантастический фильм ужасов \"Жизнь\"\r\n\r\n- Сцены из Нью-Йорка были сняты в Манчестерском Северном квартале, Великобритания. Все городские огни, знаки, номерные знаки и т. д. были изменены, чтобы соответствовать тем, которые вы найдете в Нью-Йорке.", "movie_genres": [17, 25]}}, {"model": "main.movie", "pk": 17, "fields": {"movie_title": "Я, \"Победа\" и Берлин", "movie_image": "movieImgs/w182_23ajdbb5ya-pobeda-i-berlin.webp", "movie_country": "Украина", "movie_year": "2021", "movie_duration": 104, "movie_description": "Музыкант-новичок Кузьма отправляется со своим другом Бардом в Берлин на старой \"Победе\". Его цель – найти известного коллекционера раритетных авто и обменять свою \"Победу\" на шестисотый \"Мерс\". У ребят всего три дня, чтобы вернуться домой на новой тачке. Но уже с первого дня что-то идет не по плану.\r\n\r\nИнтересные факты о фильме \"Я, \"Победа\" и Берлин\":\r\n- Создатели ленты хотят не только погрузить зрителей в атмосферу тех лет, когда произошло становление любимца миллионов украинцев, но и еще раз подчеркнуть актуальность и значимость творчества музыканта. Так, одним из сюрпризов, который имеет целью объединить поклонников творчества Кузьмы - использование в фильме целого ряда каверов его самых известных треков от звездных артистов, является беспрецедентным явлением для отечественной киноиндустрии.\r\n\r\n- Зрители увидят много трендовых атрибутов тех же отрывных 90-х - сплошной деним, разноцветные бомберы, клетчатые рубашки, длинные плащи, стилевые очки и красные колготки.\r\n\r\n- Премьеру комедийного роуд-муви предварительно запланировано на весну 2022 года.", "movie_genres": [7, 12]}}, {"model": "main.movie", "pk": 18, "fields": {"movie_title": "X", "movie_image": "movieImgs/w182_23kojaw9x.webp", "movie_country": "США", "movie_year": "2022", "movie_duration": 105, "movie_description": "На ферму в Техасе приезжает группа для съемки фильма для взрослых. Неприветливая семейная пара хозяев фермы проявляют повышенный интерес к своим юным гостям. Но члены съемочной группы не представляют, что их ждет с наступлением темноты.", "movie_genres": [18]}}, {"model": "main.movie", "pk": 19, "fields": {"movie_title": "Взаперти", "movie_image": "movieImgs/w182_23koklckvzaperti.webp", "movie_country": "США", "movie_year": "2022", "movie_duration": 94, "movie_description": "Гиперзаботливая мать Диана Шерман растит дочь Хлою в полной изоляции, контролируя каждый её шаг. Та прикована к инвалидному креслу, принимает множество таблеток, обучается дома и не общается со сверстниками. Разумеется, Хлоя растет наивной девушкой, но однажды она начинает подозревать что-то неладное.", "movie_genres": [16]}}, {"model": "main.movie", "pk": 20, "fields": {"movie_title": "Ёж Соник 2", "movie_image": "movieImgs/w182_23au9u4pj-sonik-2.webp", "movie_country": "США", "movie_year": "2022", "movie_duration": 92, "movie_description": "Возвращение легендарного суперскоростного Ёжа Соника! Любимчика миллионов ждет новая супер ответственная миссия.\r\n\r\nИнтересные факты о фильме \"Ёж Соник 2\":\r\n- Том Холланд, Макс Чарльз и Джейкоб Трембле рассматриваются на роль Майлза \"Тейлз\" Прауэра.\r\n\r\n- Крис Хемсворт проявил интерес к озвучиванию Наклза.\r\n\r\n- Джим Керри заявил, что он будет носить толстый костюм, соответствующий персонажу Роботника из игр.", "movie_genres": [12, 17]}}, {"model": "main.movie", "pk": 21, "fields": {"movie_title": "Ограбление по-украински", "movie_image": "movieImgs/w182_23he8bynograblenie-po-ukrainski.webp", "movie_country": "Украина", "movie_year": "2022", "movie_duration": 120, "movie_description": "Детский тренер по плаваню Алекс влюбляется в неприступную красавицу. Для того, чтобы поразить девушку и кардинально изменить свою жизнь, Алекс решается на ограбление банка! Но его цель превращается в настоящее испытание не только для главного героя, но и для всех, кто оказался рядом.", "movie_genres": [7]}}, {"model": "main.movie", "pk": 22, "fields": {"movie_title": "Скорая помощь", "movie_image": "movieImgs/w182_23cu3754skoraya-pomosx.webp", "movie_country": "США", "movie_year": "2022", "movie_duration": 120, "movie_description": "Перед ветераном войны стоит нелегкое задание - ему срочно нужно раздобыть несколько сотен тысяч долларов для спасения его умирающей жены. В растерянности Уилл обращается за помощью к своему брату из криминального мира. Брат уговаривает его на многомиллионную сделку по ограблению банка. Уилл соглашается, но их план резко срывается и они вынуждены угнать карету скорой помощи с заложниками внутри.", "movie_genres": [1, 16]}}, {"model": "main.movie", "pk": 23, "fields": {"movie_title": "Худший человек на свете", "movie_image": "movieImgs/w182_23cj197xhudshii-cselovek-na-svete.webp", "movie_country": "Норвегия, Франция, Швеция, Дания, США", "movie_year": "2022", "movie_duration": 121, "movie_description": "Умная и непоседливая Джули находится в постоянном поиске правильного выбора. Учась в медицинской школе ее интересы постоянно меняются, и вслед за этим она несколько раз меняет специализацию, а затем и вовсе бросает учебу. Отыскав новое увлечение - быть фотографом, она встречает Акселя - успешного, уравновешеннего, старше ее, который мог бы стать идеальным партером. Однако разница в возрасте не идет им на пользу. Джули встречает новое увлечение - Эйвинда... Совсем скоро героине 30, и она до сих пор не понимает, какое из принятых ею решений правильное.\r\n\r\nИнтересные факты о фильме \"Худший человек на свете\":\r\n- Режиссер фильма – Йоаким Триер – создатель мистического триллера \"Тельма\", лент \"Громче, чем бомбы\" с Джесси Айзенбергом и Изабель Юппер, \"Осло, 31 августа\" и \"Реприза\". Обладатель наград фестивалей в Торонто и Карловых Варах и номинант на Золотую пальмовую ветвь Каннского кинофестиваля.\r\n\r\n- Мировая премьера картины \"Худший человек на свете\" состоялась в 2021 году в основном конкурсе Каннского кинофестиваля, где исполнительница главной роли Ренате Рейнстве получила Приз за Лучшую женскую роль. Украинская премьера прошла на Одесском международном кинофестивале в 2021 году.", "movie_genres": [5, 7]}}, {"model": "main.genre", "pk": 1, "fields": {"genre_name": "Боевик"}}, {"model": "main.genre", "pk": 2, "fields": {"genre_name": "Вестерн"}}, {"model": "main.genre", "pk": 3, "fields": {"genre_name": "Гангстерский фильм"}}, {"model": "main.genre", "pk": 4, "fields": {"genre_name": "Детектив"}}, {"model": "main.genre", "pk": 5, "fields": {"genre_name": "Драма"}}, {"model": "main.genre", "pk": 6, "fields": {"genre_name": "Исторический фильм"}}, {"model": "main.genre", "pk": 7, "fields": {"genre_name": "Комедия"}}, {"model": "main.genre", "pk": 8, "fields": {"genre_name": "Мелодрама"}}, {"model": "main.genre", "pk": 9, "fields": {"genre_name": "Музыкальный фильм"}}, {"model": "main.genre", "pk": 10, "fields": {"genre_name": "Нуар"}}, {"model": "main.genre", "pk": 11, "fields": {"genre_name": "Политический фильм"}}, {"model": "main.genre", "pk": 12, "fields": {"genre_name": "Приключенческий фильм"}}, {"model": "main.genre", "pk": 13, "fields": {"genre_name": "Сказка"}}, {"model": "main.genre", "pk": 14, "fields": {"genre_name": "Трагедия"}}, {"model": "main.genre", "pk": 15, "fields": {"genre_name": "Трагикомедия"}}, {"model": "main.genre", "pk": 16, "fields": {"genre_name": "Триллер"}}, {"model": "main.genre", "pk": 17, "fields": {"genre_name": "Фантастика"}}, {"model": "main.genre", "pk": 18, "fields": {"genre_name": "Фильм ужасов"}}, {"model": "main.genre", "pk": 19, "fields": {"genre_name": "Фильм-катастрофа"}}, {"model": "main.genre", "pk": 20, "fields": {"genre_name": "Мультфильм"}}, {"model": "main.genre", "pk": 21, "fields": {"genre_name": "документальный"}}, {"model": "main.genre", "pk": 22, "fields": {"genre_name": "Криминал"}}, {"model": "main.genre", "pk": 23, "fields": {"genre_name": "Анимация"}}, {"model": "main.genre", "pk": 24, "fields": {"genre_name": "Семеный"}}, {"model": "main.genre", "pk": 25, "fields": {"genre_name": "Экшн"}}, {"model": "main.seats", "pk": 2, "fields": {"seats_number": 1}}, {"model": "main.seats", "pk": 3, "fields": {"seats_number": 2}}, {"model": "main.seats", "pk": 4, "fields": {"seats_number": 3}}, {"model": "main.seats", "pk": 5, "fields": {"seats_number": 4}}, {"model": "main.seats", "pk": 6, "fields": {"seats_number": 5}}, {"model": "main.seats", "pk": 7, "fields": {"seats_number": 6}}, {"model": "main.seats", "pk": 8, "fields": {"seats_number": 7}}, {"model": "main.seats", "pk": 9, "fields": {"seats_number": 8}}, {"model": "main.seats", "pk": 10, "fields": {"seats_number": 9}}, {"model": "main.seats", "pk": 11, "fields": {"seats_number": 10}}, {"model": "main.seats", "pk": 12, "fields": {"seats_number": 11}}, {"model": "main.seats", "pk": 13, "fields": {"seats_number": 12}}, {"model": "main.seats", "pk": 14, "fields": {"seats_number": 13}}, {"model": "main.seats", "pk": 15, "fields": {"seats_number": 14}}, {"model": "main.seats", "pk": 16, "fields": {"seats_number": 15}}, {"model": "main.seats", "pk": 17, "fields": {"seats_number": 16}}, {"model": "main.seats", "pk": 18, "fields": {"seats_number": 17}}, {"model": "main.seats", "pk": 19, "fields": {"seats_number": 18}}, {"model": "main.seats", "pk": 20, "fields": {"seats_number": 19}}, {"model": "main.seats", "pk": 21, "fields": {"seats_number": 20}}, {"model": "main.seats", "pk": 22, "fields": {"seats_number": 21}}, {"model": "main.seats", "pk": 23, "fields": {"seats_number": 22}}, {"model": "main.seats", "pk": 24, "fields": {"seats_number": 23}}, {"model": "main.seats", "pk": 25, "fields": {"seats_number": 24}}, {"model": "main.seats", "pk": 26, "fields": {"seats_number": 25}}, {"model": "main.seats", "pk": 27, "fields": {"seats_number": 26}}, {"model": "main.seats", "pk": 28, "fields": {"seats_number": 27}}, {"model": "main.seats", "pk": 29, "fields": {"seats_number": 28}}, {"model": "main.seats", "pk": 30, "fields": {"seats_number": 29}}, {"model": "main.seats", "pk": 31, "fields": {"seats_number": 30}}, {"model": "main.seats", "pk": 32, "fields": {"seats_number": 31}}, {"model": "main.seats", "pk": 33, "fields": {"seats_number": 32}}, {"model": "main.seats", "pk": 34, "fields": {"seats_number": 33}}, {"model": "main.status", "pk": 1, "fields": {"status_name": "Подтвержден"}}, {"model": "main.status", "pk": 2, "fields": {"status_name": "Отклонен"}}, {"model": "main.status", "pk": 3, "fields": {"status_name": "Рассмотрение"}}]